"Code, Dependencies"
"fitw, fitw_pr"
"fitw,  fitw_cl"
"fitw_pr, fitw_pr_1"
"fitw_pr,  fitw_pr_2"
"fitw_pr,  fitw_pr_3"
"fitw_pr,  fitw_pr_4"
"fitw_pr,  fitw_pr_5"
"fitw_pr_1, fitw_pr_1_a"
"fitw_pr_1,  fitw_pr_1_b"
"fitw_pr_1,  fitw_pr_1_c"
"fitw_pr_2, fitw_pr_2_a"
"fitw_pr_2,  fitw_pr_2_b"
"fitw_pr_2,  fitw_pr_2_c"
"fitw_pr_2,  fitw_pr_2_d"
"fitw_pr_3, fitw_pr_3_a"
"fitw_pr_3,  fitw_pr_3_b"
"fitw_pr_3,  fitw_pr_3_c"
"fitw_cl, fitw_cl_1"
"fitw_cl,  fitw_cl_2"
"fitw_cl,  fitw_cl_3"
"fitw_cl,  fitw_cl_4"
"fitw_cl_1, fitw_cl_1_a"
"fitw_cl_1,  fitw_cl_1_b"
"fitw_cl_1,  fitw_cl_1_c"
"fitw_cl_1,  fitw_cl_1_d"
"fitw_cl_2, fitw_cl_2_a"
"fitw_cl_2,  fitw_cl_2_b"
"fitw_cl_2,  fitw_cl_2_c"
"fitw_cl_3, fitw_cl_3_a"
"fitw_cl_3,  fitw_cl_3_b"
"fitw_cl_3,  fitw_cl_3_c"
"fitw_cl_3,  fitw_cl_3_d"
"fitw_cl_4, fitw_cl_4_a"
"fitw_cl_4,  fitw_cl_4_b. fitw_cl_4_c"
"fitw_cl_4,  fitw_cl_4_d"
